PRAGMA foreign_keys=OFF;
BEGIN TRANSACTION;
CREATE TABLE IF NOT EXISTS "schema_migrations" ("version" varchar NOT NULL PRIMARY KEY);
INSERT INTO schema_migrations VALUES('20240320185228');
INSERT INTO schema_migrations VALUES('20240320200138');
INSERT INTO schema_migrations VALUES('20240320200147');
INSERT INTO schema_migrations VALUES('20240320200258');
INSERT INTO schema_migrations VALUES('20240320200453');
INSERT INTO schema_migrations VALUES('20240320200739');
INSERT INTO schema_migrations VALUES('20240322193304');
INSERT INTO schema_migrations VALUES('20240322194215');
INSERT INTO schema_migrations VALUES('20240325183402');
INSERT INTO schema_migrations VALUES('20240404154234');
INSERT INTO schema_migrations VALUES('20240404154244');
INSERT INTO schema_migrations VALUES('20240404154335');
INSERT INTO schema_migrations VALUES('20240404154427');
CREATE TABLE IF NOT EXISTS "ar_internal_metadata" ("key" varchar NOT NULL PRIMARY KEY, "value" varchar, "created_at" datetime(6) NOT NULL, "updated_at" datetime(6) NOT NULL);
INSERT INTO ar_internal_metadata VALUES('environment','development','2024-03-25 17:38:07.236310','2024-03-25 17:38:07.236310');
CREATE TABLE IF NOT EXISTS "officials" ("id" integer PRIMARY KEY AUTOINCREMENT NOT NULL, "name" varchar, "created_at" datetime(6) NOT NULL, "updated_at" datetime(6) NOT NULL, "party_affiliation" varchar, "state" varchar, "image_url" varchar);
INSERT INTO officials VALUES(1,'Gerry Connolly','2024-03-25 18:11:00','2024-03-25 18:11:00','Democrat','VA','https://upload.wikimedia.org/wikipedia/commons/thumb/b/b3/Gerry_Connolly_official_portrait_2022_%28cropped%29.jpg/440px-Gerry_Connolly_official_portrait_2022_%28cropped%29.jpg');
INSERT INTO officials VALUES(2,'Michael Burgess','2024-03-25 18:38:00','2024-03-25 18:38:00','Republican','TX','https://upload.wikimedia.org/wikipedia/commons/thumb/0/08/Michael_Burgess_117th_Congress.jpg/440px-Michael_Burgess_117th_Congress.jpg');
INSERT INTO officials VALUES(3,'Nancy Pelosi','2024-03-25 18:38:00','2024-03-25 18:38:00','Democrat','CA','https://upload.wikimedia.org/wikipedia/commons/thumb/a/a5/Official_photo_of_Speaker_Nancy_Pelosi_in_2019.jpg/440px-Official_photo_of_Speaker_Nancy_Pelosi_in_2019.jpg');
INSERT INTO officials VALUES(4,'Michael McCaul','2024-03-25 18:38:00','2024-03-25 18:38:00','Republican','TX','https://upload.wikimedia.org/wikipedia/commons/thumb/b/b8/Rep._Michael_McCaul%2C_official_portrait%2C_118th_Congress.jpg/440px-Rep._Michael_McCaul%2C_official_portrait%2C_118th_Congress.jpg');
INSERT INTO officials VALUES(5,'Mitch McConnell','2024-03-25 18:38:00','2024-03-25 18:38:00','Republican','KY','https://upload.wikimedia.org/wikipedia/commons/thumb/0/0b/Mitch_McConnell_2016_official_photo_%281%29.jpg/440px-Mitch_McConnell_2016_official_photo_%281%29.jpg');
INSERT INTO officials VALUES(6,'Max Miller','2024-03-25 18:38:00','2024-03-25 18:38:00','Republican','OH','https://upload.wikimedia.org/wikipedia/commons/thumb/4/45/MaxMiller118thCong.jpeg/440px-MaxMiller118thCong.jpeg');
INSERT INTO officials VALUES(7,'Rick Scott','2024-03-25 18:38:00','2024-03-25 18:38:00','Republican','FL','https://upload.wikimedia.org/wikipedia/commons/thumb/1/1d/Official_Portrait_of_Senator_Rick_Scott_%28R-FL%29.jpg/440px-Official_Portrait_of_Senator_Rick_Scott_%28R-FL%29.jpg');
INSERT INTO officials VALUES(8,'Tommy Tuberville','2024-03-25 18:38:00','2024-03-25 18:38:00','Republican','AL','https://upload.wikimedia.org/wikipedia/commons/thumb/d/df/Tommy_tuberville.jpg/440px-Tommy_tuberville.jpg');
INSERT INTO officials VALUES(9,'Shelley Moore Capito','2024-03-25 18:38:00','2024-03-25 18:38:00','Republican','WV','https://upload.wikimedia.org/wikipedia/commons/thumb/7/75/Shelley_Moore_Capito_official_Senate_photo.jpg/440px-Shelley_Moore_Capito_official_Senate_photo.jpg');
INSERT INTO officials VALUES(10,'Mark Green','2024-03-25 18:38:00','2024-03-25 18:38:00','Republican','TN','https://upload.wikimedia.org/wikipedia/commons/thumb/d/de/Mark_Green%2C_official_portrait%2C_116th_Congress.jpg/440px-Mark_Green%2C_official_portrait%2C_116th_Congress.jpg');
INSERT INTO officials VALUES(11,'Doug Lamborn','2024-03-25 18:38:00','2024-03-25 18:38:00','Republican','CO','https://upload.wikimedia.org/wikipedia/commons/thumb/5/59/Doug_Lamborn_Official_Portrait_118th.jpg/440px-Doug_Lamborn_Official_Portrait_118th.jpg');
INSERT INTO officials VALUES(12,'Bill Keating','2024-03-25 18:38:00','2024-03-25 18:38:00','Democrat','MA','https://upload.wikimedia.org/wikipedia/commons/2/22/Bill_Keating_clerk_photo.jpg');
INSERT INTO officials VALUES(13,'Mike Garcia','2024-03-25 18:38:00','2024-03-25 18:38:00','Republican','CA','https://upload.wikimedia.org/wikipedia/commons/thumb/d/d4/Mike_Garcia%2C_official_portrait%2C_116th_Congress_%28cropped1%29.jpg/440px-Mike_Garcia%2C_official_portrait%2C_116th_Congress_%28cropped1%29.jpg');
INSERT INTO officials VALUES(14,'Scott Peters','2024-03-25 18:38:00','2024-03-25 18:38:00','Democrat','CA','https://upload.wikimedia.org/wikipedia/commons/thumb/4/49/Scott_Peters_official_portrait_116th_Congress.jpg/440px-Scott_Peters_official_portrait_116th_Congress.jpg');
INSERT INTO officials VALUES(15,'Maria Elvira Salazar','2024-03-25 18:38:00','2024-03-25 18:38:00','Republican','FL','https://upload.wikimedia.org/wikipedia/commons/thumb/e/e0/REP.MES_Headshot_%28cropped_2%29.jpg/440px-REP.MES_Headshot_%28cropped_2%29.jpg');
INSERT INTO officials VALUES(16,'Suzan DelBene','2024-03-25 18:38:00','2024-03-25 18:38:00','Democrat','WA','https://upload.wikimedia.org/wikipedia/commons/thumb/1/1a/Suzan_DelBene%2C_official_portrait%2C_115th_Congress.jpg/440px-Suzan_DelBene%2C_official_portrait%2C_115th_Congress.jpg');
INSERT INTO officials VALUES(17,'Pete Sessions','2024-03-25 18:38:00','2024-03-25 18:38:00','Republican','TX','https://upload.wikimedia.org/wikipedia/commons/thumb/2/29/Pete_Sessions.jpg/440px-Pete_Sessions.jpg');
INSERT INTO officials VALUES(18,'Ro Khanna','2024-03-25 18:38:00','2024-03-25 18:38:00','Democrat','CA','https://upload.wikimedia.org/wikipedia/commons/thumb/1/11/Ro_Khanna%2C_official_portrait%2C_115th_Congress.jpg/440px-Ro_Khanna%2C_official_portrait%2C_115th_Congress.jpg');
INSERT INTO officials VALUES(19,'Virginia Foxx','2024-03-25 18:38:00','2024-03-25 18:38:00','Republican','NC','https://upload.wikimedia.org/wikipedia/commons/thumb/0/07/Virginia_Foxx_official_photo.jpg/440px-Virginia_Foxx_official_photo.jpg');
INSERT INTO officials VALUES(20,'Josh Gottheimer','2024-03-25 18:38:00','2024-03-25 18:38:00','Democrat','NJ','https://upload.wikimedia.org/wikipedia/commons/thumb/5/5e/Josh_Gottheimer_Photo.jpg/440px-Josh_Gottheimer_Photo.jpg');
CREATE TABLE IF NOT EXISTS "stocks" ("id" integer NOT NULL PRIMARY KEY, "name" varchar DEFAULT NULL, "created_at" datetime(6) NOT NULL, "updated_at" datetime(6) NOT NULL);
INSERT INTO stocks VALUES(1,'Dominion Energy Inc','2024-03-25 18:38:15.697740','2024-03-25 18:38:15.697740');
INSERT INTO stocks VALUES(2,'Leidos Holdings Inc','2024-03-25 18:38:15.709943','2024-03-25 18:38:15.709943');
INSERT INTO stocks VALUES(3,'Science Applications International Corp','2024-03-25 18:38:15.713305','2024-03-25 18:38:15.713305');
INSERT INTO stocks VALUES(4,'Illumina Inc','2024-03-25 18:38:15.717849','2024-03-25 18:38:15.717849');
INSERT INTO stocks VALUES(5,'Walgreens Boots Alliance Inc','2024-03-25 18:38:15.720513','2024-03-25 18:38:15.720513');
INSERT INTO stocks VALUES(6,'FORGE INVESTMENTS LLC','2024-03-25 18:38:15.724428','2024-03-25 18:38:15.724428');
INSERT INTO stocks VALUES(7,'US TREASURY BILLS','2024-03-25 18:38:15.728409','2024-03-25 18:38:15.728409');
INSERT INTO stocks VALUES(8,'ALBANY ROAD STRATEGIC OPPORTUNITY FUND LLC','2024-03-25 18:38:15.733588','2024-03-25 18:38:15.733588');
INSERT INTO stocks VALUES(9,'MAYS ALLOCATE LP','2024-03-25 18:38:15.736159','2024-03-25 18:38:15.736159');
INSERT INTO stocks VALUES(10,'INDUSTRIAL DEVELOPMENT AUTHORITY OF MOBILE COUNTY','2024-03-25 18:38:15.739185','2024-03-25 18:38:15.739185');
INSERT INTO stocks VALUES(11,'Adobe Inc','2024-03-25 18:38:15.742067','2024-03-25 18:38:15.742067');
INSERT INTO stocks VALUES(12,'Advanced Micro Devices Inc','2024-03-25 18:38:15.744738','2024-03-25 18:38:15.744738');
INSERT INTO stocks VALUES(13,'STATE OF NEW YORK MORTGAGE AGENCY','2024-03-25 18:38:15.747814','2024-03-25 18:38:15.747814');
INSERT INTO stocks VALUES(14,'JPMORGAN 100% US TREASURY SECURITIES MONEY MARKET FUND','2024-03-25 18:38:15.750756','2024-03-25 18:38:15.750756');
INSERT INTO stocks VALUES(15,'Philip Morris International Inc','2024-03-25 18:38:15.780177','2024-03-25 18:38:15.780177');
INSERT INTO stocks VALUES(16,'VANGUARD FEDERAL MONEY MARKET FUND','2024-03-25 18:38:15.786312','2024-03-25 18:38:15.786312');
INSERT INTO stocks VALUES(17,'SANS GENE STUDIOS LLC','2024-03-25 18:38:15.788585','2024-03-25 18:38:15.788585');
INSERT INTO stocks VALUES(18,'Wells Fargo & Co','2024-03-25 18:38:15.791956','2024-03-25 18:38:15.791956');
INSERT INTO stocks VALUES(19,'ELLIOTT ASSOCIATES LP','2024-03-25 18:38:15.794949','2024-03-25 18:38:15.794949');
INSERT INTO stocks VALUES(20,'PORT AUTHORITY OF NEW YORK AND NEW JERSEY','2024-03-25 18:38:15.798424','2024-03-25 18:38:15.798424');
INSERT INTO stocks VALUES(21,'NEW YORK STATE URBAN DEVELOPMENT CORP','2024-03-25 18:38:15.800896','2024-03-25 18:38:15.800896');
INSERT INTO stocks VALUES(22,'EL PASO COUNTY TEXAS','2024-03-25 18:38:15.803453','2024-03-25 18:38:15.803453');
INSERT INTO stocks VALUES(23,'QUALCOMM Inc','2024-03-25 18:38:15.813727','2024-03-25 18:38:15.813727');
INSERT INTO stocks VALUES(24,'STAR BULK CARRIERS CORP','2024-03-25 18:38:15.816474','2024-03-25 18:38:15.816474');
INSERT INTO stocks VALUES(25,'Southern States Bancshares Inc','2024-03-25 18:38:15.821537','2024-03-25 18:38:15.821537');
INSERT INTO stocks VALUES(26,'Pfizer Inc','2024-03-25 18:38:15.827548','2024-03-25 18:38:15.827548');
INSERT INTO stocks VALUES(27,'GOLDEN OCEAN GROUP','2024-03-25 18:38:15.834362','2024-03-25 18:38:15.834362');
INSERT INTO stocks VALUES(28,'Zoetis Inc','2024-03-25 18:38:15.841006','2024-03-25 18:38:15.841006');
INSERT INTO stocks VALUES(29,'NGL Energy Partners LP','2024-03-25 18:38:15.848220','2024-03-25 18:38:15.848220');
INSERT INTO stocks VALUES(30,'NetApp Inc','2024-03-25 18:38:15.857312','2024-03-25 18:38:15.857312');
INSERT INTO stocks VALUES(31,'Boeing Co','2024-03-25 18:38:15.875083','2024-03-25 18:38:15.875083');
INSERT INTO stocks VALUES(32,'Capital One Financial Corp','2024-03-25 18:38:15.887016','2024-03-25 18:38:15.887016');
INSERT INTO stocks VALUES(33,'TransDigm Group Inc','2024-03-25 18:38:15.889994','2024-03-25 18:38:15.889994');
INSERT INTO stocks VALUES(34,'United Rentals Inc','2024-03-25 18:38:15.892816','2024-03-25 18:38:15.892816');
INSERT INTO stocks VALUES(35,'US TREASURY BOND','2024-03-25 18:38:15.896873','2024-03-25 18:38:15.896873');
INSERT INTO stocks VALUES(36,'Microsoft Corp','2024-03-25 18:38:15.906230','2024-03-25 18:38:15.906230');
INSERT INTO stocks VALUES(37,'General Mills Inc','2024-03-25 18:38:15.910151','2024-03-25 18:38:15.910151');
INSERT INTO stocks VALUES(38,'Visa Inc','2024-03-25 18:38:15.920778','2024-03-25 18:38:15.920778');
INSERT INTO stocks VALUES(39,'Penn National Gaming Inc','2024-03-25 18:38:15.924766','2024-03-25 18:38:15.924766');
INSERT INTO stocks VALUES(40,'Topgolf Callaway Brands Corp','2024-03-25 18:38:15.927246','2024-03-25 18:38:15.927246');
INSERT INTO stocks VALUES(41,'Carter''s Inc.','2024-03-25 18:38:15.933528','2024-03-25 18:38:15.933528');
INSERT INTO stocks VALUES(42,'KeyCorp','2024-03-25 18:38:15.936290','2024-03-25 18:38:15.936290');
INSERT INTO stocks VALUES(43,'Discover Financial Services','2024-03-25 18:38:15.938846','2024-03-25 18:38:15.938846');
INSERT INTO stocks VALUES(44,'Alliance Resource Partners LP','2024-03-25 18:38:15.942297','2024-03-25 18:38:15.942297');
INSERT INTO stocks VALUES(45,'ARDMORE SHIPPING CORP','2024-03-25 18:38:15.945292','2024-03-25 18:38:15.945292');
INSERT INTO stocks VALUES(46,'Duke Energy Corp','2024-03-25 18:38:15.947900','2024-03-25 18:38:15.947900');
INSERT INTO stocks VALUES(47,'FLEX LNG LTD','2024-03-25 18:38:15.950715','2024-03-25 18:38:15.950715');
INSERT INTO stocks VALUES(48,'Freeport-McMoRan Inc','2024-03-25 18:38:15.954172','2024-03-25 18:38:15.954172');
INSERT INTO stocks VALUES(49,'L''Oreal S.A., Paris','2024-03-25 18:38:15.956571','2024-03-25 18:38:15.956571');
INSERT INTO stocks VALUES(50,'Best Buy Co Inc','2024-03-25 18:38:15.959197','2024-03-25 18:38:15.959197');
INSERT INTO stocks VALUES(51,'Apple Inc','2024-03-25 18:38:15.964766','2024-03-25 18:38:15.964766');
CREATE TABLE IF NOT EXISTS "users" ("id" integer NOT NULL PRIMARY KEY, "email" varchar DEFAULT '' NOT NULL, "encrypted_password" varchar DEFAULT '' NOT NULL, "reset_password_token" varchar DEFAULT NULL, "reset_password_sent_at" datetime(6) DEFAULT NULL, "remember_created_at" datetime(6) DEFAULT NULL, "created_at" datetime(6) NOT NULL, "updated_at" datetime(6) NOT NULL);
INSERT INTO users VALUES(1,'amanda@example.com','$2a$12$R23yp7zmfuRRls/1ukJczeehjf0mClUi8ID3irjnSoT6HWwZpNDEi',NULL,NULL,NULL,'2024-03-25 18:12:52.512406','2024-03-25 18:12:52.512406');
INSERT INTO users VALUES(2,'alice@example.com','$2a$12$ZqOjmqERMnh07FiY0.cckeosa1HYdUUyTHjvzWAVOMqRLq0ErG1mS',NULL,NULL,NULL,'2024-03-26 17:52:07.278140','2024-03-26 17:52:07.278140');
CREATE TABLE IF NOT EXISTS "trades" ("id" integer NOT NULL PRIMARY KEY, "official_id" integer NOT NULL, "stock_id" integer NOT NULL, "transaction_type" integer DEFAULT 0, "transaction_count" integer DEFAULT NULL, "security_type" varchar DEFAULT NULL, "created_at" datetime(6) NOT NULL, "updated_at" datetime(6) NOT NULL, CONSTRAINT "fk_rails_407c8a461a"
FOREIGN KEY ("official_id")
  REFERENCES "officials" ("id")
, CONSTRAINT "fk_rails_8a8aa453a2"
FOREIGN KEY ("stock_id")
  REFERENCES "stocks" ("id")
);
INSERT INTO trades VALUES(1,1,1,1,0,NULL,'2024-03-25 18:38:15.707428','2024-03-25 18:38:15.707428');
INSERT INTO trades VALUES(2,1,2,1,0,NULL,'2024-03-25 18:38:15.711243','2024-03-25 18:38:15.711243');
INSERT INTO trades VALUES(3,1,3,1,0,NULL,'2024-03-25 18:38:15.714449','2024-03-25 18:38:15.714449');
INSERT INTO trades VALUES(4,2,4,1,0,NULL,'2024-03-25 18:38:15.718596','2024-03-25 18:38:15.718596');
INSERT INTO trades VALUES(5,2,5,1,0,NULL,'2024-03-25 18:38:15.721586','2024-03-25 18:38:15.721586');
INSERT INTO trades VALUES(6,3,6,0,0,NULL,'2024-03-25 18:38:15.725369','2024-03-25 18:38:15.725369');
INSERT INTO trades VALUES(7,4,7,0,0,NULL,'2024-03-25 18:38:15.729408','2024-03-25 18:38:15.729408');
INSERT INTO trades VALUES(8,4,7,1,0,NULL,'2024-03-25 18:38:15.731535','2024-03-25 18:38:15.731535');
INSERT INTO trades VALUES(9,4,8,0,0,NULL,'2024-03-25 18:38:15.734420','2024-03-25 18:38:15.734420');
INSERT INTO trades VALUES(10,4,9,0,0,NULL,'2024-03-25 18:38:15.737038','2024-03-25 18:38:15.737038');
INSERT INTO trades VALUES(11,4,10,0,0,NULL,'2024-03-25 18:38:15.740155','2024-03-25 18:38:15.740155');
INSERT INTO trades VALUES(12,4,11,1,0,NULL,'2024-03-25 18:38:15.742765','2024-03-25 18:38:15.742765');
INSERT INTO trades VALUES(13,4,12,0,0,NULL,'2024-03-25 18:38:15.745749','2024-03-25 18:38:15.745749');
INSERT INTO trades VALUES(14,4,13,0,0,NULL,'2024-03-25 18:38:15.748778','2024-03-25 18:38:15.748778');
INSERT INTO trades VALUES(15,4,14,0,0,NULL,'2024-03-25 18:38:15.751590','2024-03-25 18:38:15.751590');
INSERT INTO trades VALUES(16,4,7,0,0,NULL,'2024-03-25 18:38:15.753519','2024-03-25 18:38:15.753519');
INSERT INTO trades VALUES(17,4,8,0,0,NULL,'2024-03-25 18:38:15.755347','2024-03-25 18:38:15.755347');
INSERT INTO trades VALUES(18,4,10,0,0,NULL,'2024-03-25 18:38:15.757227','2024-03-25 18:38:15.757227');
INSERT INTO trades VALUES(19,4,9,0,0,NULL,'2024-03-25 18:38:15.759392','2024-03-25 18:38:15.759392');
INSERT INTO trades VALUES(20,4,12,0,0,NULL,'2024-03-25 18:38:15.761905','2024-03-25 18:38:15.761905');
INSERT INTO trades VALUES(21,4,13,0,0,NULL,'2024-03-25 18:38:15.764260','2024-03-25 18:38:15.764260');
INSERT INTO trades VALUES(22,4,14,0,0,NULL,'2024-03-25 18:38:15.767145','2024-03-25 18:38:15.767145');
INSERT INTO trades VALUES(23,4,7,1,0,NULL,'2024-03-25 18:38:15.769286','2024-03-25 18:38:15.769286');
INSERT INTO trades VALUES(24,4,11,1,0,NULL,'2024-03-25 18:38:15.776254','2024-03-25 18:38:15.776254');
INSERT INTO trades VALUES(25,4,1,0,0,NULL,'2024-03-25 18:38:15.778461','2024-03-25 18:38:15.778461');
INSERT INTO trades VALUES(26,4,15,1,0,NULL,'2024-03-25 18:38:15.780862','2024-03-25 18:38:15.780862');
INSERT INTO trades VALUES(27,4,1,0,0,NULL,'2024-03-25 18:38:15.782771','2024-03-25 18:38:15.782771');
INSERT INTO trades VALUES(28,4,15,1,0,NULL,'2024-03-25 18:38:15.784605','2024-03-25 18:38:15.784605');
INSERT INTO trades VALUES(29,4,16,1,0,NULL,'2024-03-25 18:38:15.786974','2024-03-25 18:38:15.786974');
INSERT INTO trades VALUES(30,4,17,0,0,NULL,'2024-03-25 18:38:15.789286','2024-03-25 18:38:15.789286');
INSERT INTO trades VALUES(31,5,18,0,0,NULL,'2024-03-25 18:38:15.792612','2024-03-25 18:38:15.792612');
INSERT INTO trades VALUES(32,6,19,0,0,NULL,'2024-03-25 18:38:15.795733','2024-03-25 18:38:15.795733');
INSERT INTO trades VALUES(33,7,20,1,0,NULL,'2024-03-25 18:38:15.799151','2024-03-25 18:38:15.799151');
INSERT INTO trades VALUES(34,7,21,1,0,NULL,'2024-03-25 18:38:15.801699','2024-03-25 18:38:15.801699');
INSERT INTO trades VALUES(35,7,22,0,0,NULL,'2024-03-25 18:38:15.804456','2024-03-25 18:38:15.804456');
INSERT INTO trades VALUES(36,7,22,0,0,NULL,'2024-03-25 18:38:15.806496','2024-03-25 18:38:15.806496');
INSERT INTO trades VALUES(37,7,22,0,0,NULL,'2024-03-25 18:38:15.808333','2024-03-25 18:38:15.808333');
INSERT INTO trades VALUES(38,7,22,0,0,NULL,'2024-03-25 18:38:15.810499','2024-03-25 18:38:15.810499');
INSERT INTO trades VALUES(39,8,23,1,0,NULL,'2024-03-25 18:38:15.814618','2024-03-25 18:38:15.814618');
INSERT INTO trades VALUES(40,8,24,0,0,NULL,'2024-03-25 18:38:15.817349','2024-03-25 18:38:15.817349');
INSERT INTO trades VALUES(41,8,25,0,0,NULL,'2024-03-25 18:38:15.823635','2024-03-25 18:38:15.823635');
INSERT INTO trades VALUES(42,8,26,0,0,NULL,'2024-03-25 18:38:15.829665','2024-03-25 18:38:15.829665');
INSERT INTO trades VALUES(43,8,27,0,0,NULL,'2024-03-25 18:38:15.835360','2024-03-25 18:38:15.835360');
INSERT INTO trades VALUES(44,9,28,0,0,NULL,'2024-03-25 18:38:15.843006','2024-03-25 18:38:15.843006');
INSERT INTO trades VALUES(45,10,29,1,0,NULL,'2024-03-25 18:38:15.850183','2024-03-25 18:38:15.850183');
INSERT INTO trades VALUES(46,11,30,1,0,NULL,'2024-03-25 18:38:15.858358','2024-03-25 18:38:15.858358');
INSERT INTO trades VALUES(47,11,30,1,0,NULL,'2024-03-25 18:38:15.862621','2024-03-25 18:38:15.862621');
INSERT INTO trades VALUES(48,11,30,1,0,NULL,'2024-03-25 18:38:15.867565','2024-03-25 18:38:15.867565');
INSERT INTO trades VALUES(49,12,31,1,0,NULL,'2024-03-25 18:38:15.876077','2024-03-25 18:38:15.876077');
INSERT INTO trades VALUES(50,12,32,0,0,NULL,'2024-03-25 18:38:15.888138','2024-03-25 18:38:15.888138');
INSERT INTO trades VALUES(51,12,33,0,0,NULL,'2024-03-25 18:38:15.890995','2024-03-25 18:38:15.890995');
INSERT INTO trades VALUES(52,12,34,1,0,NULL,'2024-03-25 18:38:15.893910','2024-03-25 18:38:15.893910');
INSERT INTO trades VALUES(53,13,35,0,0,NULL,'2024-03-25 18:38:15.897894','2024-03-25 18:38:15.897894');
INSERT INTO trades VALUES(54,14,7,1,0,NULL,'2024-03-25 18:38:15.900760','2024-03-25 18:38:15.900760');
INSERT INTO trades VALUES(55,15,7,0,0,NULL,'2024-03-25 18:38:15.903628','2024-03-25 18:38:15.903628');
INSERT INTO trades VALUES(56,16,36,1,0,NULL,'2024-03-25 18:38:15.907123','2024-03-25 18:38:15.907123');
INSERT INTO trades VALUES(57,17,37,1,0,NULL,'2024-03-25 18:38:15.911269','2024-03-25 18:38:15.911269');
INSERT INTO trades VALUES(58,17,7,1,0,NULL,'2024-03-25 18:38:15.913312','2024-03-25 18:38:15.913312');
INSERT INTO trades VALUES(59,17,7,0,0,NULL,'2024-03-25 18:38:15.915156','2024-03-25 18:38:15.915156');
INSERT INTO trades VALUES(60,17,35,0,0,NULL,'2024-03-25 18:38:15.917093','2024-03-25 18:38:15.917093');
INSERT INTO trades VALUES(61,17,35,0,0,NULL,'2024-03-25 18:38:15.918795','2024-03-25 18:38:15.918795');
INSERT INTO trades VALUES(62,17,38,0,0,NULL,'2024-03-25 18:38:15.921719','2024-03-25 18:38:15.921719');
INSERT INTO trades VALUES(63,18,39,0,0,NULL,'2024-03-25 18:38:15.925585','2024-03-25 18:38:15.925585');
INSERT INTO trades VALUES(64,18,40,0,0,NULL,'2024-03-25 18:38:15.928153','2024-03-25 18:38:15.928153');
INSERT INTO trades VALUES(65,18,40,0,0,NULL,'2024-03-25 18:38:15.929886','2024-03-25 18:38:15.929886');
INSERT INTO trades VALUES(66,18,40,0,0,NULL,'2024-03-25 18:38:15.931770','2024-03-25 18:38:15.931770');
INSERT INTO trades VALUES(67,18,41,1,0,NULL,'2024-03-25 18:38:15.934307','2024-03-25 18:38:15.934307');
INSERT INTO trades VALUES(68,18,42,0,0,NULL,'2024-03-25 18:38:15.937057','2024-03-25 18:38:15.937057');
INSERT INTO trades VALUES(69,18,43,1,0,NULL,'2024-03-25 18:38:15.939688','2024-03-25 18:38:15.939688');
INSERT INTO trades VALUES(70,19,44,0,0,NULL,'2024-03-25 18:38:15.943394','2024-03-25 18:38:15.943394');
INSERT INTO trades VALUES(71,19,45,0,0,NULL,'2024-03-25 18:38:15.946148','2024-03-25 18:38:15.946148');
INSERT INTO trades VALUES(72,19,46,1,0,NULL,'2024-03-25 18:38:15.948816','2024-03-25 18:38:15.948816');
INSERT INTO trades VALUES(73,19,47,0,0,NULL,'2024-03-25 18:38:15.951404','2024-03-25 18:38:15.951404');
INSERT INTO trades VALUES(74,20,48,1,0,NULL,'2024-03-25 18:38:15.954983','2024-03-25 18:38:15.954983');
INSERT INTO trades VALUES(75,20,49,0,0,NULL,'2024-03-25 18:38:15.957534','2024-03-25 18:38:15.957534');
INSERT INTO trades VALUES(76,2,50,1,0,NULL,'2024-03-25 18:38:15.960535','2024-03-25 18:38:15.960535');
INSERT INTO trades VALUES(77,10,29,1,0,NULL,'2024-03-25 18:38:15.962630','2024-03-25 18:38:15.962630');
INSERT INTO trades VALUES(78,17,51,0,0,NULL,'2024-03-25 18:38:15.965561','2024-03-25 18:38:15.965561');
INSERT INTO trades VALUES(79,1,1,1,0,NULL,'2024-03-25 18:38:27.631841','2024-03-25 18:38:27.631841');
INSERT INTO trades VALUES(80,1,2,1,0,NULL,'2024-03-25 18:38:27.634616','2024-03-25 18:38:27.634616');
INSERT INTO trades VALUES(81,1,3,1,0,NULL,'2024-03-25 18:38:27.637140','2024-03-25 18:38:27.637140');
INSERT INTO trades VALUES(82,2,4,1,0,NULL,'2024-03-25 18:38:27.639511','2024-03-25 18:38:27.639511');
INSERT INTO trades VALUES(83,2,5,1,0,NULL,'2024-03-25 18:38:27.641704','2024-03-25 18:38:27.641704');
INSERT INTO trades VALUES(84,3,6,0,0,NULL,'2024-03-25 18:38:27.644078','2024-03-25 18:38:27.644078');
INSERT INTO trades VALUES(85,4,7,0,0,NULL,'2024-03-25 18:38:27.646310','2024-03-25 18:38:27.646310');
INSERT INTO trades VALUES(86,4,7,1,0,NULL,'2024-03-25 18:38:27.648690','2024-03-25 18:38:27.648690');
INSERT INTO trades VALUES(87,4,8,0,0,NULL,'2024-03-25 18:38:27.650876','2024-03-25 18:38:27.650876');
INSERT INTO trades VALUES(88,4,9,0,0,NULL,'2024-03-25 18:38:27.653058','2024-03-25 18:38:27.653058');
INSERT INTO trades VALUES(89,4,10,0,0,NULL,'2024-03-25 18:38:27.656207','2024-03-25 18:38:27.656207');
INSERT INTO trades VALUES(90,4,11,1,0,NULL,'2024-03-25 18:38:27.659135','2024-03-25 18:38:27.659135');
INSERT INTO trades VALUES(91,4,12,0,0,NULL,'2024-03-25 18:38:27.661243','2024-03-25 18:38:27.661243');
INSERT INTO trades VALUES(92,4,13,0,0,NULL,'2024-03-25 18:38:27.664087','2024-03-25 18:38:27.664087');
INSERT INTO trades VALUES(93,4,14,0,0,NULL,'2024-03-25 18:38:27.666383','2024-03-25 18:38:27.666383');
INSERT INTO trades VALUES(94,4,7,0,0,NULL,'2024-03-25 18:38:27.668468','2024-03-25 18:38:27.668468');
INSERT INTO trades VALUES(95,4,8,0,0,NULL,'2024-03-25 18:38:27.670314','2024-03-25 18:38:27.670314');
INSERT INTO trades VALUES(96,4,10,0,0,NULL,'2024-03-25 18:38:27.672106','2024-03-25 18:38:27.672106');
INSERT INTO trades VALUES(97,4,9,0,0,NULL,'2024-03-25 18:38:27.673799','2024-03-25 18:38:27.673799');
INSERT INTO trades VALUES(98,4,12,0,0,NULL,'2024-03-25 18:38:27.675661','2024-03-25 18:38:27.675661');
INSERT INTO trades VALUES(99,4,13,0,0,NULL,'2024-03-25 18:38:27.677490','2024-03-25 18:38:27.677490');
INSERT INTO trades VALUES(100,4,14,0,0,NULL,'2024-03-25 18:38:27.679365','2024-03-25 18:38:27.679365');
INSERT INTO trades VALUES(101,4,7,1,0,NULL,'2024-03-25 18:38:27.681204','2024-03-25 18:38:27.681204');
INSERT INTO trades VALUES(102,4,11,1,0,NULL,'2024-03-25 18:38:27.683059','2024-03-25 18:38:27.683059');
INSERT INTO trades VALUES(103,4,1,0,0,NULL,'2024-03-25 18:38:27.684985','2024-03-25 18:38:27.684985');
INSERT INTO trades VALUES(104,4,15,1,0,NULL,'2024-03-25 18:38:27.686681','2024-03-25 18:38:27.686681');
INSERT INTO trades VALUES(105,4,1,0,0,NULL,'2024-03-25 18:38:27.688519','2024-03-25 18:38:27.688519');
INSERT INTO trades VALUES(106,4,15,1,0,NULL,'2024-03-25 18:38:27.690624','2024-03-25 18:38:27.690624');
INSERT INTO trades VALUES(107,4,16,1,0,NULL,'2024-03-25 18:38:27.692612','2024-03-25 18:38:27.692612');
INSERT INTO trades VALUES(108,4,17,0,0,NULL,'2024-03-25 18:38:27.694470','2024-03-25 18:38:27.694470');
INSERT INTO trades VALUES(109,5,18,0,0,NULL,'2024-03-25 18:38:27.697175','2024-03-25 18:38:27.697175');
INSERT INTO trades VALUES(110,6,19,0,0,NULL,'2024-03-25 18:38:27.699071','2024-03-25 18:38:27.699071');
INSERT INTO trades VALUES(111,7,20,1,0,NULL,'2024-03-25 18:38:27.703178','2024-03-25 18:38:27.703178');
INSERT INTO trades VALUES(112,7,21,1,0,NULL,'2024-03-25 18:38:27.704902','2024-03-25 18:38:27.704902');
INSERT INTO trades VALUES(113,7,22,0,0,NULL,'2024-03-25 18:38:27.706701','2024-03-25 18:38:27.706701');
INSERT INTO trades VALUES(114,7,22,0,0,NULL,'2024-03-25 18:38:27.708558','2024-03-25 18:38:27.708558');
INSERT INTO trades VALUES(115,7,22,0,0,NULL,'2024-03-25 18:38:27.710483','2024-03-25 18:38:27.710483');
INSERT INTO trades VALUES(116,7,22,0,0,NULL,'2024-03-25 18:38:27.712653','2024-03-25 18:38:27.712653');
INSERT INTO trades VALUES(117,8,23,1,0,NULL,'2024-03-25 18:38:27.714780','2024-03-25 18:38:27.714780');
INSERT INTO trades VALUES(118,8,24,0,0,NULL,'2024-03-25 18:38:27.716664','2024-03-25 18:38:27.716664');
INSERT INTO trades VALUES(119,8,25,0,0,NULL,'2024-03-25 18:38:27.718378','2024-03-25 18:38:27.718378');
INSERT INTO trades VALUES(120,8,26,0,0,NULL,'2024-03-25 18:38:27.720062','2024-03-25 18:38:27.720062');
INSERT INTO trades VALUES(121,8,27,0,0,NULL,'2024-03-25 18:38:27.721669','2024-03-25 18:38:27.721669');
INSERT INTO trades VALUES(122,9,28,0,0,NULL,'2024-03-25 18:38:27.723618','2024-03-25 18:38:27.723618');
INSERT INTO trades VALUES(123,10,29,1,0,NULL,'2024-03-25 18:38:27.725405','2024-03-25 18:38:27.725405');
INSERT INTO trades VALUES(124,11,30,1,0,NULL,'2024-03-25 18:38:27.727192','2024-03-25 18:38:27.727192');
INSERT INTO trades VALUES(125,11,30,1,0,NULL,'2024-03-25 18:38:27.728897','2024-03-25 18:38:27.728897');
INSERT INTO trades VALUES(126,11,30,1,0,NULL,'2024-03-25 18:38:27.730930','2024-03-25 18:38:27.730930');
INSERT INTO trades VALUES(127,12,31,1,0,NULL,'2024-03-25 18:38:27.732574','2024-03-25 18:38:27.732574');
INSERT INTO trades VALUES(128,12,32,0,0,NULL,'2024-03-25 18:38:27.734270','2024-03-25 18:38:27.734270');
INSERT INTO trades VALUES(129,12,33,0,0,NULL,'2024-03-25 18:38:27.736161','2024-03-25 18:38:27.736161');
INSERT INTO trades VALUES(130,12,34,1,0,NULL,'2024-03-25 18:38:27.737965','2024-03-25 18:38:27.737965');
INSERT INTO trades VALUES(131,13,35,0,0,NULL,'2024-03-25 18:38:27.739540','2024-03-25 18:38:27.739540');
INSERT INTO trades VALUES(132,14,7,1,0,NULL,'2024-03-25 18:38:27.741410','2024-03-25 18:38:27.741410');
INSERT INTO trades VALUES(133,15,7,0,0,NULL,'2024-03-25 18:38:27.743230','2024-03-25 18:38:27.743230');
INSERT INTO trades VALUES(134,16,36,1,0,NULL,'2024-03-25 18:38:27.745211','2024-03-25 18:38:27.745211');
INSERT INTO trades VALUES(135,17,37,1,0,NULL,'2024-03-25 18:38:27.747051','2024-03-25 18:38:27.747051');
INSERT INTO trades VALUES(136,17,7,1,0,NULL,'2024-03-25 18:38:27.748732','2024-03-25 18:38:27.748732');
INSERT INTO trades VALUES(137,17,7,0,0,NULL,'2024-03-25 18:38:27.750619','2024-03-25 18:38:27.750619');
INSERT INTO trades VALUES(138,17,35,0,0,NULL,'2024-03-25 18:38:27.752461','2024-03-25 18:38:27.752461');
INSERT INTO trades VALUES(139,17,35,0,0,NULL,'2024-03-25 18:38:27.754030','2024-03-25 18:38:27.754030');
INSERT INTO trades VALUES(140,17,38,0,0,NULL,'2024-03-25 18:38:27.755883','2024-03-25 18:38:27.755883');
INSERT INTO trades VALUES(141,18,39,0,0,NULL,'2024-03-25 18:38:27.757821','2024-03-25 18:38:27.757821');
INSERT INTO trades VALUES(142,18,40,0,0,NULL,'2024-03-25 18:38:27.759836','2024-03-25 18:38:27.759836');
INSERT INTO trades VALUES(143,18,40,0,0,NULL,'2024-03-25 18:38:27.761813','2024-03-25 18:38:27.761813');
INSERT INTO trades VALUES(144,18,40,0,0,NULL,'2024-03-25 18:38:27.763873','2024-03-25 18:38:27.763873');
INSERT INTO trades VALUES(145,18,41,1,0,NULL,'2024-03-25 18:38:27.765585','2024-03-25 18:38:27.765585');
INSERT INTO trades VALUES(146,18,42,0,0,NULL,'2024-03-25 18:38:27.767161','2024-03-25 18:38:27.767161');
INSERT INTO trades VALUES(147,18,43,1,0,NULL,'2024-03-25 18:38:27.769130','2024-03-25 18:38:27.769130');
INSERT INTO trades VALUES(148,19,44,0,0,NULL,'2024-03-25 18:38:27.771077','2024-03-25 18:38:27.771077');
INSERT INTO trades VALUES(149,19,45,0,0,NULL,'2024-03-25 18:38:27.772899','2024-03-25 18:38:27.772899');
INSERT INTO trades VALUES(150,19,46,1,0,NULL,'2024-03-25 18:38:27.774410','2024-03-25 18:38:27.774410');
INSERT INTO trades VALUES(151,19,47,0,0,NULL,'2024-03-25 18:38:27.776233','2024-03-25 18:38:27.776233');
INSERT INTO trades VALUES(152,20,48,1,0,NULL,'2024-03-25 18:38:27.778120','2024-03-25 18:38:27.778120');
INSERT INTO trades VALUES(153,20,49,0,0,NULL,'2024-03-25 18:38:27.780024','2024-03-25 18:38:27.780024');
INSERT INTO trades VALUES(154,2,50,1,0,NULL,'2024-03-25 18:38:27.781916','2024-03-25 18:38:27.781916');
INSERT INTO trades VALUES(155,10,29,1,0,NULL,'2024-03-25 18:38:27.783780','2024-03-25 18:38:27.783780');
INSERT INTO trades VALUES(156,17,51,0,0,NULL,'2024-03-25 18:38:27.785611','2024-03-25 18:38:27.785611');
DELETE FROM sqlite_sequence;
INSERT INTO sqlite_sequence VALUES('officials',20);
CREATE UNIQUE INDEX "index_users_on_email" ON "users" ("email");
CREATE UNIQUE INDEX "index_users_on_reset_password_token" ON "users" ("reset_password_token");
CREATE INDEX "index_trades_on_official_id" ON "trades" ("official_id");
CREATE INDEX "index_trades_on_stock_id" ON "trades" ("stock_id");
COMMIT;
